date,issue_id,issue_title,person,activity,minutes,notes,pr_link
2026-04-03,19,Ensure Promise rejections use Error objects in sba-action-button-scoped.stories.ts,Akshith,triage,15,Reviewed issue and located affected story file,
2026-04-03,18,Fix accessibility label/control association in sba-input.vue and sba-checkbox.vue,Akshith,triage,15,Reviewed issue and checked affected Vue components,
2026-04-03,14,Reduce long parameter list in ServletApplicationFactory constructor,Akshith,triage,15,Reviewed constructor issue and main call site,
2026-04-03,15,Convert TODO tech-debt markers into tracked tasks and remove TODOs from code/docs,Akshith,plan,15,Narrowed issue scope to docs TODO first,
2026-04-03,17,Stop swallowing instance registration failures,Akshith,triage,15,Reviewed issue and identified likely target behavior,
2026-04-03,13,Split frontend services/instance.ts into cohesive service modules,Akshith,plan,15,Narrowed issue scope to a small extraction for reviewability,

actual:
2026-04-03,19,Ensure Promise rejections use Error objects in sba-action-button-scoped.stories.ts,Akshith,verify,15,Checked diff to confirm only the two rejection sites changed,
2026-04-03,19,Ensure Promise rejections use Error objects in sba-action-button-scoped.stories.ts,Akshith,implement,15,Added Promise<void> typing to story promises and replaced bare reject() calls with Error objects,
2026-04-03,19,Ensure Promise rejections use Error objects in sba-action-button-scoped.stories.ts,Akshith,pr_overhead,15,Opened PR and added summary verification and evidence,<PR link>
2026-04-05,19,Ensure Promise rejections use Error objects in sba-action-button-scoped.stories.ts,Akshith,pr_overhead,15,Opened PR and added summary verification and evidence,https://github.com/amacharla15/spring-boot-admin/pull/22
Add-Content docs/time_log.csv '2026-04-05,19,Ensure Promise rejections use Error objects in sba-action-button-scoped.stories.ts,Akshith,review,15,Performed solo self-review on PR 22,https://github.com/amacharla15/spring-boot-admin/pull/22'
Add-Content docs/time_log.csv '2026-04-05,18,Fix accessibility label/control association in sba-input.vue and sba-checkbox.vue,Akshith,implement,15,Changed explicit text labels and replaced prepend label wrapper with span,'
Add-Content docs/time_log.csv '2026-04-05,18,Fix accessibility label/control association in sba-input.vue and sba-checkbox.vue,Akshith,verify,15,Checked diff to confirm only the two Vue component files and time log changed,'
Add-Content docs/time_log.csv '2026-04-06,18,Fix accessibility label/control association in sba-input.vue and sba-checkbox.vue,Akshith,pr_overhead,15,Opened PR and added summary verification and evidence,https://github.com/amacharla15/spring-boot-admin/pull/23'
Add-Content docs/time_log.csv '2026-04-06,18,Fix accessibility label/control association in sba-input.vue and sba-checkbox.vue,Akshith,review,15,Performed solo self-review on PR 23,https://github.com/amacharla15/spring-boot-admin/pull/23'
Add-Content docs/time_log.csv '2026-04-06,14,Reduce long parameter list in ServletApplicationFactory constructor,Akshith,implement,15,Introduced small servlet-specific parameter object and updated the single call site,'
Add-Content docs/time_log.csv '2026-04-06,14,Reduce long parameter list in ServletApplicationFactory constructor,Akshith,verify,15,Checked constructor signature reduction and confirmed only the two Java files changed,'
Add-Content docs/time_log.csv '2026-04-06,14,Reduce long parameter list in ServletApplicationFactory constructor,Akshith,pr_overhead,15,Opened PR and added summary verification and evidence,https://github.com/amacharla15/spring-boot-admin/pull/24'
Add-Content docs/time_log.csv '2026-04-06,14,Reduce long parameter list in ServletApplicationFactory constructor,Akshith,review,15,Performed solo self-review on PR 24,https://github.com/amacharla15/spring-boot-admin/pull/24'
